{"01": {"bpp": [0.09585556387901306, 0.1426895707845688, 0.20471550524234772, 0.28904831409454346, 0.3914968967437744, 0.5268439054489136], "psnr": [30.897864848172564, 32.65171119636237, 34.43767858971557, 36.27391441075733, 38.06631200123272, 39.84860718775577], "ms_ssim": [0.9298911094665527, 0.9528967142105103, 0.9686236381530762, 0.9797052145004272, 0.9867744445800781, 0.9913532137870789]}, "02": {"bpp": [0.07065132260322571, 0.100479856133461, 0.13536298274993896, 0.1828249990940094, 0.24498632550239563, 0.3305879533290863], "psnr": [32.932437002590206, 34.79127511187584, 36.40411727949149, 37.90874344822218, 39.58340266418618, 41.147450953651486], "ms_ssim": [0.969947099685669, 0.9764463901519775, 0.9808835983276367, 0.9843656420707703, 0.9881048202514648, 0.9903653860092163]}, "03": {"bpp": [0.023809384554624557, 0.033005181699991226, 0.04494798183441162, 0.05979359149932861, 0.0816526785492897, 0.11147523671388626], "psnr": [38.079837699700484, 39.38196382047975, 40.657612532193134, 41.81212703910535, 42.9189666133678, 43.83910971222525], "ms_ssim": [0.9728974103927612, 0.9778467416763306, 0.9824227690696716, 0.9855794906616211, 0.9882354736328125, 0.9900369048118591]}, "04": {"bpp": [0.093564972281456, 0.13806310296058655, 0.1970072090625763, 0.27299055457115173, 0.3634541630744934, 0.4777844548225403], "psnr": [31.25587579896196, 33.046266461989916, 34.92444354818974, 36.80714110174317, 38.67379496589968, 40.481777532758834], "ms_ssim": [0.9514213800430298, 0.9672654867172241, 0.9782543182373047, 0.9852418303489685, 0.9897825717926025, 0.9925992488861084]}, "05": {"bpp": [0.03517337143421173, 0.049334097653627396, 0.06801236420869827, 0.09277001768350601, 0.12720350921154022, 0.17559859156608582], "psnr": [35.9189578493232, 37.376263519403864, 38.763652069050536, 40.08174614518858, 41.301268895172136, 42.41413299612343], "ms_ssim": [0.9597992897033691, 0.9691817760467529, 0.9762560725212097, 0.9816485643386841, 0.9855481386184692, 0.9884123802185059]}, "06": {"bpp": [0.042309802025556564, 0.06062205135822296, 0.08561713248491287, 0.12124644219875336, 0.16792641580104828, 0.22859454154968262], "psnr": [34.9361740486098, 36.52245034421149, 38.08918110844782, 39.70388503481425, 41.323514391695085, 42.87606932960858], "ms_ssim": [0.9667624831199646, 0.9756464958190918, 0.9824123382568359, 0.9874703884124756, 0.990990161895752, 0.99333256483078]}, "07": {"bpp": [0.10816329717636108, 0.15357032418251038, 0.21438176929950714, 0.29719895124435425, 0.3967011570930481, 0.5280489921569824], "psnr": [31.03328737014769, 32.73776784533911, 34.52897528530662, 36.35790815000516, 38.161568282879806, 39.91765982145494], "ms_ssim": [0.946318507194519, 0.9625637531280518, 0.9748985171318054, 0.983403205871582, 0.9890872240066528, 0.9925662875175476]}, "08": {"bpp": [0.09574342519044876, 0.13354529440402985, 0.18213002383708954, 0.24356146156787872, 0.3171484172344208, 0.4148857891559601], "psnr": [32.09001836912863, 33.95718167079215, 35.81874321825383, 37.62182145150598, 39.38588514975918, 41.07474946434241], "ms_ssim": [0.9725136756896973, 0.9803104400634766, 0.9856910705566406, 0.9893109202384949, 0.9917243719100952, 0.9933093786239624]}, "09": {"bpp": [0.030047843232750893, 0.04347287118434906, 0.06255447119474411, 0.09221671521663666, 0.13135451078414917, 0.18881501257419586], "psnr": [35.84168150737047, 37.079984867735206, 38.360043435366975, 39.68917128264197, 40.9230767977352, 42.14994858734218], "ms_ssim": [0.9427958726882935, 0.9554327726364136, 0.9662823677062988, 0.9754594564437866, 0.9817866683006287, 0.9864211082458496]}, "10": {"bpp": [0.0877130925655365, 0.11779183149337769, 0.15676504373550415, 0.20734810829162598, 0.26845842599868774, 0.35100433230400085], "psnr": [33.02754660207907, 34.85034468687812, 36.666550346074345, 38.35596095368528, 39.95986757746, 41.49766121352289], "ms_ssim": [0.9777407646179199, 0.9837760925292969, 0.9876649379730225, 0.9901289343833923, 0.9919321537017822, 0.9931057691574097]}, "11": {"bpp": [0.04861777648329735, 0.06931092590093613, 0.09694357961416245, 0.1332685649394989, 0.18241289258003235, 0.2485041469335556], "psnr": [34.247459239538706, 35.76160691568151, 37.26425499235253, 38.722716328464145, 40.07921761092646, 41.37440369732957], "ms_ssim": [0.9532531499862671, 0.9657409191131592, 0.9749220609664917, 0.9814149737358093, 0.9860193133354187, 0.9893898367881775]}, "12": {"bpp": [0.02781987003982067, 0.0381426103413105, 0.0515906922519207, 0.06916352361440659, 0.09639839082956314, 0.13870586454868317], "psnr": [36.99250263180839, 38.19915233883012, 39.27655379819618, 40.25692637271896, 41.20645176144183, 42.13911163973886], "ms_ssim": [0.9681042432785034, 0.9736737012863159, 0.9778940081596375, 0.9813951849937439, 0.9846868515014648, 0.987567126750946]}, "13": {"bpp": [0.07801029086112976, 0.1125718206167221, 0.15546180307865143, 0.21154600381851196, 0.2796996235847473, 0.3662256896495819], "psnr": [32.38895321565338, 34.22602877424115, 36.07284695450291, 37.809654416984664, 39.49363657196944, 41.032823268031535], "ms_ssim": [0.9615906476974487, 0.9744269251823425, 0.981487512588501, 0.9856621623039246, 0.9884855151176453, 0.9902118444442749]}, "14": {"bpp": [0.08177193254232407, 0.11732012778520584, 0.16988606750965118, 0.24071981012821198, 0.32990196347236633, 0.4452902674674988], "psnr": [31.80152232075935, 33.331745440115974, 35.060407715759084, 36.81511020180474, 38.546853068322726, 40.22161741095391], "ms_ssim": [0.9292151927947998, 0.9470745921134949, 0.9645047187805176, 0.9760889410972595, 0.9839345812797546, 0.988872230052948]}, "15": {"bpp": [0.02054039016366005, 0.028062060475349426, 0.03952125832438469, 0.05193638429045677, 0.0751657634973526, 0.10979077965021133], "psnr": [38.07933694356875, 39.11840433179212, 40.023283630752395, 40.80013609291104, 41.61185247812065, 42.447371477451846], "ms_ssim": [0.9718348383903503, 0.9759088754653931, 0.979332447052002, 0.9820064306259155, 0.9845876097679138, 0.9869529604911804]}, "16": {"bpp": [0.023917317390441895, 0.033841781318187714, 0.04557391628623009, 0.06015072762966156, 0.08135755360126495, 0.11729282140731812], "psnr": [37.28848008521416, 38.551228642076644, 39.820704504547265, 40.701372799202, 41.54555309411093, 42.36872645060407], "ms_ssim": [0.9728145003318787, 0.9768115878105164, 0.9801289439201355, 0.982590913772583, 0.9850171804428101, 0.9871801733970642]}, "17": {"bpp": [0.031249364838004112, 0.041373759508132935, 0.05783199891448021, 0.08039544522762299, 0.11443248391151428, 0.1597423255443573], "psnr": [36.90757225852218, 38.23113236717599, 39.43519412626702, 40.92024385104849, 42.534409603620034, 43.96623820879398], "ms_ssim": [0.9761521220207214, 0.9825925230979919, 0.9869866371154785, 0.9903690218925476, 0.9926457405090332, 0.9942359924316406]}, "18": {"bpp": [0.0515403188765049, 0.07252249121665955, 0.10040351003408432, 0.1375930905342102, 0.18707844614982605, 0.25466102361679077], "psnr": [34.1789094677446, 35.694847791356835, 37.18290774984767, 38.62333382441256, 39.94459528676729, 41.216470952435856], "ms_ssim": [0.9555904269218445, 0.9677424430847168, 0.9766789674758911, 0.9829544425010681, 0.987255334854126, 0.9904102683067322]}, "19": {"bpp": [0.0390155091881752, 0.05656568333506584, 0.08000851422548294, 0.1122918501496315, 0.15534798800945282, 0.21506114304065704], "psnr": [35.044383836188004, 36.56527428005888, 38.05853336652332, 39.542733906520496, 40.938919604679356, 42.25077705367746], "ms_ssim": [0.957470178604126, 0.9689350128173828, 0.9772786498069763, 0.9832596778869629, 0.9874750971794128, 0.9904474020004272]}, "20": {"bpp": [0.029344160109758377, 0.040263500064611435, 0.055189695209264755, 0.07338543236255646, 0.10288047790527344, 0.14599713683128357], "psnr": [36.845222898132334, 38.05870554387043, 39.21533360122515, 40.23202988785591, 41.20176231209207, 42.16264732541305], "ms_ssim": [0.9661449193954468, 0.973236083984375, 0.9786540269851685, 0.982611358165741, 0.9859923720359802, 0.9887564182281494]},