{"01": {"bpp": [0.058361364293981484, 0.13952455873842592, 0.3524802879050926, 0.6250099464699074, 0.941282371238426], "psnr": [29.064062824958107, 32.58798163021666, 37.534211999190596, 41.05013174671658, 43.40703201322587], "ms_ssim": [0.8907817602157593, 0.950410008430481, 0.984067440032959, 0.9933196902275085, 0.9962493777275085]}, "02": {"bpp": [0.04388292100694444, 0.09450502748842593, 0.22302065248842592, 0.39519223813657406, 0.5835132740162037], "psnr": [30.905030254393942, 34.75564939902463, 39.31065576421223, 42.30791770751918, 44.08705808179653], "ms_ssim": [0.9559702277183533, 0.9765942096710205, 0.987254798412323, 0.9917478561401367, 0.993606448173523]}, "03": {"bpp": [0.0153564453125, 0.029635959201388888, 0.06897334346064815, 0.1338568793402778, 0.24023347077546298], "psnr": [36.242822046376425, 39.285848792587565, 42.602865788136256, 44.60163567207576, 45.68054704116254], "ms_ssim": [0.9635066986083984, 0.9763767719268799, 0.986709475517273, 0.9913071990013123, 0.9933392405509949]}, "04": {"bpp": [0.05460340711805556, 0.13139738859953703, 0.32571162471064813, 0.5608280888310185, 0.8158555772569445], "psnr": [29.206780348776267, 32.85093360170555, 37.99492885868536, 41.60564057124798, 43.924691156229194], "ms_ssim": [0.920295238494873, 0.9646692276000977, 0.9879447221755981, 0.9938935041427612, 0.9957762956619263]}, "05": {"bpp": [0.024091254340277778, 0.049275716145833336, 0.11439796730324074, 0.22463740596064816, 0.36655363859953705], "psnr": [34.00264750102297, 37.33178468963457, 40.943534560522124, 43.34987040801407, 44.82925143327649], "ms_ssim": [0.9413585662841797, 0.9676603078842163, 0.9837571978569031, 0.9904720187187195, 0.9933845400810242]}, "06": {"bpp": [0.026778609664351853, 0.05794903790509259, 0.14783980758101853, 0.26996437355324077, 0.4202067057291667], "psnr": [33.25670483282331, 36.55118840889897, 41.00346953478939, 44.01201530089473, 45.84738927151483], "ms_ssim": [0.9527063369750977, 0.9755897521972656, 0.9900062084197998, 0.9945566058158875, 0.996116578578949]}, "07": {"bpp": [0.07468080873842593, 0.16051341869212962, 0.3773139105902778, 0.6564841941550926, 0.9721345124421297], "psnr": [29.167878436695624, 32.83445528117919, 37.82279095206657, 41.36477964315863, 43.613523026268055], "ms_ssim": [0.9230735301971436, 0.9617342948913574, 0.9870651960372925, 0.9943689107894897, 0.9965975284576416]}, "08": {"bpp": [0.06177209924768518, 0.13248969184027778, 0.3010516131365741, 0.4994782624421296, 0.7222828052662037], "psnr": [29.855400656958086, 34.00620736981854, 39.24911319989941, 42.518650398093214, 44.54104132465038], "ms_ssim": [0.9581795930862427, 0.9805924296379089, 0.9914544820785522, 0.9944750666618347, 0.9957429766654968]}, "09": {"bpp": [0.01931694878472222, 0.041047272858796294, 0.11324417679398148, 0.22957085503472222, 0.40668674045138886], "psnr": [34.20270244233908, 37.08546946789103, 40.51979498034339, 43.02461368149832, 44.68690302803326], "ms_ssim": [0.9254093170166016, 0.9556578397750854, 0.9791597127914429, 0.9889234304428101, 0.9929096698760986]}, "10": {"bpp": [0.05997450086805556, 0.1182029441550926, 0.2557861328125, 0.4200584129050926, 0.6087809244791667], "psnr": [30.944329711901926, 35.28014370801288, 40.07222296695814, 42.94597445916999, 44.650085354668114], "ms_ssim": [0.9668112993240356, 0.9845954775810242, 0.9918575286865234, 0.9940398931503296, 0.995161235332489]}, "11": {"bpp": [0.03090549045138889, 0.06526240596064815, 0.15790201822916666, 0.3050338179976852, 0.495409252025463], "psnr": [32.27823782607652, 35.41091935110558, 39.385309382935645, 42.204188623366015, 43.96430157153031], "ms_ssim": [0.9265097379684448, 0.9613450765609741, 0.9831132888793945, 0.9912258982658386, 0.9942512512207031]}, "12": {"bpp": [0.020228407118055555, 0.038218858506944446, 0.08709762008101851, 0.18012062355324074, 0.3575981987847222], "psnr": [35.28599821852102, 38.21595812537688, 40.97388420999625, 42.87747244117996, 44.37770667481463], "ms_ssim": [0.9575022459030151, 0.97310870885849, 0.9833998680114746, 0.9895033240318298, 0.9929925203323364]}, "13": {"bpp": [0.04857765480324074, 0.1086253978587963, 0.25897623697916666, 0.4395137080439815, 0.6489646629050926], "psnr": [30.311738332702372, 34.237085864146934, 39.2287136011129, 42.20499497573603, 44.042397788675835], "ms_ssim": [0.9386777877807617, 0.9729634523391724, 0.9882251620292664, 0.9917064905166626, 0.9935200214385986]}, "14": {"bpp": [0.054422562210648145, 0.11556260850694444, 0.2944580078125, 0.5358714916087963, 0.8198594835069445], "psnr": [30.01035640774306, 33.310257105705915, 37.955085425233605, 41.328773607440965, 43.594137106061424], "ms_ssim": [0.9068555235862732, 0.9449469447135925, 0.9796268343925476, 0.9909558296203613, 0.9946473836898804]}, "15": {"bpp": [0.01334544994212963, 0.025722475405092593, 0.06000343605324074, 0.1390869140625, 0.28009892216435184], "psnr": [36.557597819400996, 39.13433719010317, 41.385309184164434, 43.14505928300595, 44.45540807887372], "ms_ssim": [0.9623319506645203, 0.9754320383071899, 0.9835891723632812, 0.9890143871307373, 0.9920485019683838]}, "16": {"bpp": [0.016770652488425925, 0.03187843605324074, 0.07239131221064815, 0.15106969762731481, 0.2790391710069444], "psnr": [36.20501254389015, 38.87511227688091, 41.39375043347569, 43.089655625200784, 44.3337024919381], "ms_ssim": [0.9643439650535583, 0.9763399958610535, 0.9841697216033936, 0.9889721870422363, 0.9916765093803406]}, "17": {"bpp": [0.02061179832175926, 0.040819408275462966, 0.09854510271990741, 0.17429741753472222, 0.2890507450810185], "psnr": [35.044162556097135, 38.164169390996626, 42.27246318433325, 44.83629157333262, 46.318667481246045], "ms_ssim": [0.9647221565246582, 0.9819083213806152, 0.9914619326591492, 0.9950160980224609, 0.9963976740837097]}, "18": {"bpp": [0.033553059895833334, 0.06882505063657407, 0.16314290364583334, 0.31549388744212964, 0.5175808376736111], "psnr": [32.21167397678079, 35.36503705894134, 39.281254241572505, 42.05430087545902, 43.82590069515836], "ms_ssim": [0.929644763469696, 0.9634286165237427, 0.9845425486564636, 0.9921049475669861, 0.9949532747268677]}, "19": {"bpp": [0.023805519386574076, 0.052845594618055554, 0.13450792100694445, 0.2595947265625, 0.4351264105902778], "psnr": [33.02998781484772, 36.37638217596186, 40.60547363067661, 43.271999876140924, 44.955292426806324], "ms_ssim": [0.9347171783447266, 0.9673781394958496, 0.9859587550163269, 0.992241621017456, 0.994762659072876]}, "20": {"bpp": [0.01808720341435185, 0.036670826099537035, 0.08522406684027778, 0.18487684461805556, 0.34296784577546297], "psnr": [34.78831998636651, 37.83340891376849, 40.779175477699155, 42.91350856322409, 44.49710041849671], "ms_ssim": [0.9478186964988708, 0.9707795977592468, 0.9841539263725281, 0.9906122088432312, 0.9936391115188599]}, "21": {"bpp": [0.018540702160493826, 0.03599826388888889, 0.08401909722222221, 0.1783130787037037, 0.35086323302469136], "psnr": [34.989288982621076, 38.00796445846028, 41.054662223133185, 43.07681318430647, 44.54658969128169], "ms_ssim": [0.9476304054260254, 0.9671432375907898, 0.981947124004364, 0.9891587495803833, 0.9927241206169128]}, "22": {"bpp": [0.04875675154320988, 0.1044627700617284, 0.25011863425925923, 0.4468971836419753, 0.6939612268518519], "psnr": [30.770604159046137, 34.40618185430952, 38.854430856502916, 41.79862213006383, 43.74048313251015], "ms_ssim": [0.9364004135131836, 0.9686442613601685, 0.9863704442977905, 0.9924155473709106, 0.9948229193687439]}, "23": {"bpp": [0.05670042438271605, 0.13675443672839507, 0.3392119984567901, 0.5829658564814815, 0.8458285108024691], "psnr": [29.020458641841245, 32.6692598195774, 37.83778238088666, 41.468446791302256, 43.81424752359037], "ms_ssim": [0.9181989431381226, 0.964164137840271, 0.9879701137542725, 0.9939550757408142, 0.9958362579345703]}, "24": {"bpp": [0.10882619598765433, 0.20956693672839505, 0.45546971450617285, 0.7779812885802468, 1.2028848379629629],