{"01": {"bpp": [0.072096535, 0.15063567, 0.283618164, 0.494530346, 0.811454716], "psnr": [29.461787619486962, 32.43736967789808, 35.609552658635884, 38.81159089543197, 41.86152800194528], "ms_ssim": [0.9044903516769409, 0.95148104429245, 0.9766525030136108, 0.9892147779464722, 0.9949917793273926]}, "02": {"bpp": [0.044393808, 0.085368743, 0.149951172, 0.261572266, 0.467217339], "psnr": [30.979481244023496, 34.136627769667626, 37.03443804938707, 39.819660371462305, 42.56620160148802], "ms_ssim": [0.9568133354187012, 0.9743272662162781, 0.9825541377067566, 0.9886564016342163, 0.9921686053276062]}, "03": {"bpp": [0.016502098, 0.028894495, 0.05085178, 0.089497432, 0.175908746], "psnr": [36.756243326593996, 39.226223094206645, 41.39816622263017, 43.14214301375918, 44.57211966249779], "ms_ssim": [0.9665727615356445, 0.976983904838562, 0.9846209287643433, 0.9890497922897339, 0.9924721717834473]}, "04": {"bpp": [0.070223886, 0.144151476, 0.264940502, 0.446721282, 0.709244792], "psnr": [30.07064437217263, 33.15557893228006, 36.42194359683521, 39.615330502106644, 42.480593307935905], "ms_ssim": [0.9363800287246704, 0.9682279825210571, 0.9840525984764099, 0.9913936853408813, 0.9947821497917175]}, "05": {"bpp": [0.022929326, 0.041687464, 0.074129232, 0.130529333, 0.274538845], "psnr": [33.79212807255657, 36.47354788287706, 38.956435000210185, 41.071151419028254, 43.3217938514222], "ms_ssim": [0.9412182569503784, 0.9638224840164185, 0.9774647951126099, 0.9852648973464966, 0.9915342330932617]}, "06": {"bpp": [0.02483724, 0.048678024, 0.091457791, 0.163455765, 0.320791739], "psnr": [32.7658861903534, 35.50930497936185, 38.34021004477591, 41.048581872587924, 44.01638398075785], "ms_ssim": [0.9486212730407715, 0.9704790115356445, 0.9834984540939331, 0.990645170211792, 0.9949828386306763]}, "07": {"bpp": [0.073853443, 0.145642542, 0.264148401, 0.446822555, 0.816016529], "psnr": [28.779979829490184, 31.85973332531629, 35.09204273656899, 38.19794102537231, 41.790989921080666], "ms_ssim": [0.9191076159477234, 0.9579248428344727, 0.9790397882461548, 0.9893220663070679, 0.9951653480529785]}, "08": {"bpp": [0.063751447, 0.122722258, 0.216704644, 0.353809498, 0.618735532], "psnr": [29.66784537527715, 32.93697831522255, 36.297962577578446, 39.39881541407144, 42.7255542179863], "ms_ssim": [0.9547562599182129, 0.9760071635246277, 0.9865357279777527, 0.9915502071380615, 0.9945806264877319]}, "09": {"bpp": [0.016040039, 0.031864873, 0.064006438, 0.124448423, 0.283375832], "psnr": [33.97267480179871, 36.29870932647209, 38.635777804851664, 40.80003541622277, 43.30828190022058], "ms_ssim": [0.9211020469665527, 0.9488825798034668, 0.9694023132324219, 0.9817107915878296, 0.9909120798110962]}, "10": {"bpp": [0.059703234, 0.108919271, 0.185821759, 0.302000145, 0.506186704], "psnr": [30.50922050837338, 33.884940303874444, 37.16240284686921, 40.117636444625035, 42.88991710711027], "ms_ssim": [0.9617422819137573, 0.979913592338562, 0.9881498217582703, 0.991936206817627, 0.9939934015274048]}, "11": {"bpp": [0.030998626, 0.05970685, 0.109805411, 0.195257342, 0.398225007], "psnr": [32.127584260814686, 34.832937477971136, 37.511617230377055, 39.92472958362516, 42.6550140733721], "ms_ssim": [0.927324652671814, 0.958531379699707, 0.9763944149017334, 0.9859166145324707, 0.9927566051483154]}, "12": {"bpp": [0.018957067, 0.03253852, 0.056250904, 0.102438694, 0.230965169], "psnr": [34.79392310393746, 37.261102752704446, 39.320012223232574, 41.03975468344643, 42.99928092145737], "ms_ssim": [0.9531440734863281, 0.9686816930770874, 0.9780144691467285, 0.9845487475395203, 0.9907976388931274]}, "13": {"bpp": [0.06082628, 0.118881113, 0.211125579, 0.349551505, 0.555219184], "psnr": [31.073512588288303, 34.22177726068568, 37.4015266791648, 40.251983262747764, 42.59788980463928], "ms_ssim": [0.9485535621643066, 0.9730229377746582, 0.9842897653579712, 0.9891830682754517, 0.9917479753494263]}, "14": {"bpp": [0.062214265, 0.119229239, 0.223898655, 0.392145001, 0.684478082], "psnr": [30.238639762480783, 33.005598330439106, 36.05034786928376, 39.00697968019085, 42.01858462040454], "ms_ssim": [0.9101945161819458, 0.9464132189750671, 0.9723048210144043, 0.9857093691825867, 0.9930390119552612]}, "15": {"bpp": [0.01149179, 0.019707574, 0.035026042, 0.068333152, 0.180884693], "psnr": [36.113460917181555, 38.26489083684234, 40.01056102999578, 41.45697280457305, 43.23907673947132], "ms_ssim": [0.9590689539909363, 0.9716863632202148, 0.9793102145195007, 0.9845699667930603, 0.990078330039978]}, "16": {"bpp": [0.01650481, 0.02778049, 0.047846137, 0.090436921, 0.198756691], "psnr": [36.246725101138566, 38.44619512778332, 40.18855336337798, 41.645981746116554, 43.1995434300581], "ms_ssim": [0.9646786451339722, 0.9749443531036377, 0.9812201857566833, 0.9857934713363647, 0.9903134703636169]}, "17": {"bpp": [0.021038592, 0.036686198, 0.067862956, 0.122495298, 0.213962131], "psnr": [35.48564755853387, 38.05488045083808, 40.64533015316169, 43.07852631311181, 44.99536627128268], "ms_ssim": [0.9685684442520142, 0.9816927313804626, 0.9890732169151306, 0.9930984377861023, 0.9955189228057861]}, "18": {"bpp": [0.033336046, 0.06213831, 0.112317347, 0.198622866, 0.407584635], "psnr": [31.988128028888397, 34.71574637331327, 37.37745879122318, 39.77104190052333, 42.503790018184745], "ms_ssim": [0.9298876523971558, 0.9606847167015076, 0.9778825640678406, 0.9871015548706055, 0.9935487508773804]}, "19": {"bpp": [0.028077076, 0.054394531, 0.101104058, 0.182393844, 0.338021738], "psnr": [33.748751650444966, 36.47615386514543, 39.09693926624162, 41.399874824797664, 43.557607488993014], "ms_ssim": [0.9449824094772339, 0.968786358833313, 0.9818717837333679, 0.9889389872550964, 0.993432879447937]}, "20": {"bpp": [0.017544669, 0.031009476, 0.054626917, 0.100772208, 0.248848922], "psnr": [34.443790576161575, 36.93005066248972, 39.081478052048936, 40.85942871413835, 43.172900985917344], "ms_ssim": [0.945628821849823, 0.9665031433105469, 0.9781702756881714, 0.9854618906974792, 0.9919991493225098]}, "21": {"bpp": [0.017523148, 0.030000965, 0.05174865, 0.092524113, 0.216491127], "psnr": [34.93959536094608, 37.45702711919444, 39.58534438589909, 41.22989011834272, 43.16092023303512], "ms_ssim": [0.9522126913070679, 0.9683212041854858, 0.9778348207473755, 0.984072208404541, 0.9905234575271606]}, "22": {"bpp": [0.04764564, 0.091166088, 0.165546875, 0.288986304, 0.553002508], "psnr": [30.61608683693602, 33.52777669340028, 36.4386686447964, 39.16753902825265, 42.23688320787658], "ms_ssim": [0.9355640411376953, 0.9637619256973267, 0.9794651865959167, 0.9877611398696899, 0.9934489727020264]}, "23": {"bpp": [0.073273534, 0.150434028, 0.276358025, 0.465210262, 0.737637924], "psnr": [29.90061411769932, 32.99268301843239, 36.28069708562986, 39.493023004682755, 42.39226596972734], "ms_ssim": [0.9350029230117798, 0.9678322076797485, 0.9841086268424988, 0.991463840007782, 0.9948686361312866]}, "24": {"bpp": [0.106398534, 0.180649113, 0.30036169, 0.498477045, 0.846212384], "psnr": [28.087057763850645, 31.19687711356914, 34.180186388755025, 37.014302921188765, 39.847630158280765], "ms_ssim": [0.955934464931488, 0.977186381816864, 0.9881412386894226, 0.9936487078666687, 0.996400773525238]}, "25": {"bpp": [0.075829475, 0.147267554, 0.268834877, 0.474521605, 0.982911844], "psnr": [28.401891350766434, 31.266732148067362, 34.06101614788967, 36.68584746944041, 40.14573519405771], "ms_ssim": [0.931094765663147, 0.9660176038742065, 0.9824953079223633, 0.9904241561889648, 0.9955343008041382]}, "26": {"bpp": [0.03119213, 0.065158179, 0.126749614, 0.237361111, 0.561679205], "psnr": [31.10993255565773, 33.57960054800365, 35.92708054748558, 38.01650505990371, 40.74846416291148], "ms_ssim": [0.9256397485733032, 0.9552914500236511, 0.9726407527923584, 0.9824179410934448, 0.9907426834106445]}, "27": {"bpp": [0.032119985, 0.053014082, 0.086281829, 0.138737461, 0.225980903], "psnr": [34.198162965507436, 37.40344174318102, 40.409432169744605, 42.85665286294149, 44.754203674404486],