{"01": {"bpp": [0.07722077546296297, 0.16671278211805557, 0.3183883101851852, 0.558253761574074, 0.9130895543981481], "psnr": [28.741044156679997, 31.708781898314644, 34.91457803192987, 38.2363696899557, 41.483747094098376], "ms_ssim": [0.8905001878738403, 0.944338321685791, 0.9734269976615906, 0.9879708290100098, 0.9945749640464783]}, "02": {"bpp": [0.05569842303240741, 0.10902958622685185, 0.19053276909722222, 0.3317238136574074, 0.5447229456018519], "psnr": [30.41143990301467, 33.66881582769576, 36.69061910548284, 39.65523077955696, 42.266844629359426], "ms_ssim": [0.9502880573272705, 0.9712046384811401, 0.9809247851371765, 0.9878419637680054, 0.991111159324646]}, "03": {"bpp": [0.017356589988425927, 0.0308349609375, 0.054694733796296295, 0.0984836154513889, 0.18384331597222223], "psnr": [35.072005409203186, 37.763286830136316, 40.180843209500395, 42.30012829660908, 44.08496726459215], "ms_ssim": [0.9569255113601685, 0.971202552318573, 0.9804655313491821, 0.9866737127304077, 0.9905712008476257]}, "04": {"bpp": [0.07184787326388889, 0.15498860677083334, 0.29135651765046294, 0.4945357711226852, 0.7807002314814815], "psnr": [29.16277294648973, 32.33406885225234, 35.71738162410149, 39.07728622311814, 42.15506385128268], "ms_ssim": [0.9237560033798218, 0.962885856628418, 0.9817529916763306, 0.9903754591941833, 0.9941573143005371]}, "05": {"bpp": [0.028966833043981483, 0.05436107494212963, 0.09876573350694444, 0.17781032986111112, 0.32441315827546297], "psnr": [33.14100935809123, 35.88167358581205, 38.511471975995605, 40.88053894537541, 43.0583621213957], "ms_ssim": [0.9342586398124695, 0.9602813124656677, 0.9757890701293945, 0.984693706035614, 0.9903818964958191]}, "06": {"bpp": [0.032327835648148145, 0.06461859809027778, 0.12103587962962963, 0.21927445023148148, 0.37483543113425927], "psnr": [32.268144720877785, 35.12257388029316, 38.0662115899933, 41.05702072996269, 43.82776398823186], "ms_ssim": [0.945895791053772, 0.9694275856018066, 0.9828290939331055, 0.9904907941818237, 0.9943346977233887]}, "07": {"bpp": [0.09622576678240741, 0.1905246310763889, 0.34501953125, 0.5846896701388888, 0.9404730902777778], "psnr": [28.516234418088587, 31.651528913687613, 34.9470387199029, 38.232390835286964, 41.33736267584923], "ms_ssim": [0.9177970290184021, 0.9566333293914795, 0.9784974455833435, 0.9894368648529053, 0.9946812987327576]}, "08": {"bpp": [0.08187391493055556, 0.15944462528935185, 0.27854094328703705, 0.45416395399305554, 0.7086724175347222], "psnr": [29.449550866326334, 32.76010580143805, 36.159412944761065, 39.422681153935685, 42.37079184514091], "ms_ssim": [0.9532502889633179, 0.975282609462738, 0.9859025478363037, 0.9911899566650391, 0.9938209056854248]}, "09": {"bpp": [0.021619104456018518, 0.04255551938657407, 0.08437409577546297, 0.1660183376736111, 0.32497649016203706], "psnr": [33.64120595712392, 36.014329921426715, 38.38595393480068, 40.71243228098722, 43.025584548125984], "ms_ssim": [0.9180115461349487, 0.9470728635787964, 0.968220591545105, 0.981383740901947, 0.9895655512809753]}, "10": {"bpp": [0.07688349971064815, 0.14269205729166667, 0.23979582609953703, 0.3869963469328704, 0.6041033709490741], "psnr": [29.778388658234277, 33.191535201604296, 36.53962927278231, 39.70491882119225, 42.47097894983828], "ms_ssim": [0.9535144567489624, 0.9769129753112793, 0.9866943359375, 0.9912114143371582, 0.9933013319969177]}, "11": {"bpp": [0.04017107928240741, 0.07839807581018518, 0.14395073784722223, 0.2572410300925926, 0.4526123046875], "psnr": [31.88997479745399, 34.66173347386147, 37.37768406425596, 39.95986256811479, 42.376295905660555], "ms_ssim": [0.9256525039672852, 0.9579128623008728, 0.9757304191589355, 0.985799252986908, 0.9917990565299988]}, "12": {"bpp": [0.024207899305555555, 0.04268753616898148, 0.07494665075231481, 0.13674135561342593, 0.26876085069444444], "psnr": [34.17208485543843, 36.72762447033696, 38.94497512281542, 40.87245127734887, 42.76537705867206], "ms_ssim": [0.9470412135124207, 0.9653668403625488, 0.9762619733810425, 0.9837183952331543, 0.9896315336227417]}, "13": {"bpp": [0.0641845703125, 0.13006998697916666, 0.23832826967592594, 0.3985469111689815, 0.628663013599537], "psnr": [29.894734295474056, 33.03557761012019, 36.35525910227996, 39.49303509522649, 42.18560165910115], "ms_ssim": [0.934121310710907, 0.96357262134552, 0.9803590774536133, 0.9877051115036011, 0.9908830523490906]}, "14": {"bpp": [0.07140209056712964, 0.13817183883101852, 0.26014087818287035, 0.4606535734953704, 0.7712800202546296], "psnr": [29.69114587551296, 32.4470106993931, 35.51002503072154, 38.639056988271086, 41.679853288113016], "ms_ssim": [0.9027400016784668, 0.9404820203781128, 0.9693548083305359, 0.9845417737960815, 0.992186963558197]}, "15": {"bpp": [0.0154296875, 0.027173755787037037, 0.048614728009259256, 0.09426721643518518, 0.19953884548611112], "psnr": [35.614861630183555, 37.953113013750055, 39.832712173642435, 41.427849034426174, 43.0580614755001], "ms_ssim": [0.9543355703353882, 0.9694110155105591, 0.9778069853782654, 0.9838215112686157, 0.9886400699615479]}, "16": {"bpp": [0.019448061342592592, 0.03427282262731481, 0.06000614872685185, 0.11036603009259259, 0.22030888310185184], "psnr": [35.06630719610337, 37.501096889674564, 39.583666505889205, 41.31318219918714, 42.961646544392174], "ms_ssim": [0.9575705528259277, 0.9706882238388062, 0.9786076545715332, 0.984244704246521, 0.988646388053894]}, "17": {"bpp": [0.02501808449074074, 0.044904694733796297, 0.08215693721064815, 0.14719057436342592, 0.24997377748842592], "psnr": [34.17974360969269, 36.96584025389828, 39.806627124544754, 42.48365578389119, 44.767695523551396], "ms_ssim": [0.9604451060295105, 0.9773213267326355, 0.9868899583816528, 0.9920120239257812, 0.9949336051940918]}, "18": {"bpp": [0.043351236979166666, 0.08241192853009259, 0.14969889322916666, 0.2646276403356482, 0.46761881510416664], "psnr": [31.699356954246024, 34.482764138576236, 37.22293942937721, 39.782783605249854, 42.21309409627754], "ms_ssim": [0.9278815984725952, 0.9598009586334229, 0.9775137305259705, 0.9871000647544861, 0.9927750825881958]}, "19": {"bpp": [0.02927788628472222, 0.05938856336805556, 0.11357512297453703, 0.2094211154513889, 0.3765869140625], "psnr": [32.52939705900951, 35.27939129565069, 38.04005192349601, 40.6632629577296, 43.13508170281154], "ms_ssim": [0.9296671748161316, 0.9602987766265869, 0.9774302244186401, 0.9868232011795044, 0.9922432899475098]}, "20": {"bpp": [0.02345558449074074, 0.04215133101851852, 0.07366174768518519, 0.1364773220486111, 0.273241283275463], "psnr": [34.238902603898154, 36.79689721058652, 38.97418495407977, 40.923131122726815, 42.96672716191723], "ms_ssim": [0.9445692896842957, 0.9661876559257507, 0.9777398109436035, 0.9853007197380066, 0.9908642172813416]}, "21": {"bpp": [0.022609953703703705, 0.04002314814814815, 0.06955825617283952, 0.12573109567901236, 0.25049382716049384], "psnr": [34.210757361987596, 36.83308929336424, 39.14129487911767, 41.037327289038, 42.89192396523749], "ms_ssim": [0.9457134008407593, 0.9656206369400024, 0.9762777090072632, 0.9832016229629517, 0.9891886711120605]}, "22": {"bpp": [0.06027970679012346, 0.11786458333333334, 0.2153395061728395, 0.37780381944444447, 0.6354861111111112], "psnr": [29.933888621128155, 32.91610175825114, 36.00018671859229, 39.003603126994, 41.79377192395683], "ms_ssim": [0.9309885501861572, 0.9615850448608398, 0.9784578084945679, 0.9874321222305298, 0.9924522638320923]}, "23": {"bpp": [0.07467496141975308, 0.16131462191358023, 0.30292052469135805, 0.5151109182098765, 0.8106597222222223], "psnr": [29.006049081743903, 32.16373519299715, 35.563608741106655, 38.95674463624395, 42.05675802475773], "ms_ssim": [0.9224063754081726, 0.9625028967857361, 0.9817713499069214, 0.990478515625, 0.9942461252212524]}, "24": {"bpp": [0.1390036651234568, 0.23873939043209877, 0.40216435185185184, 0.6766425540123457, 1.1348206018518519],