{
    "HM": [
        0.9904802634145684,
        0.9833509336663747,
        0.9738886997907923
    ],
    "VTM": [
        0.9908657529036395,
        0.9839290798811771,
        0.9750983026466713
    ],
    "DVC-pro": [
        0.9734634632865589,
        0.9842631151899696,
        0.9897969309861463,
        0.9932631421213348
    ],
    "DCVC": [
        0.9804015619059404,
        0.9868085443973542,
        0.9917344927166899,
        0.9944927309950193
    ],
    "CANF": [
        0.9671906911457578,
        0.9777165899674096,
        0.9832043124983707,
        0.9873505699758729
    ],
    "DCVC-TCM": [
        0.9835149531563121,
        0.9883963149661819,
        0.9921862224737803,
        0.9945752895126739
    ],
    "DCVC-HEM": [
        0.986067,
        0.9897120000000001,
        0.9929807,
        0.9952104999999999
    ],
    "DCVC-OOFE": [
        0.9749341000000001,
        0.9808357999999999,
        0.9855086999999999,
        0.9888309
    ],
    "VNVC": [
        0.9868930601204435,
        0.9906559873372317,
        0.9936097676555317,
        0.995639374665916
    ],
    "SDD": [
        0.9855291,
        0.9894009,
        0.9930158,
        0.9954463
    ],
    "DCVC-DC": [
        0.9866260000000001,
        0.9899019,
        0.9930434,
        0.9953202999999998
    ],
    "DCVC-FM": [
        0.9720913999999999,
        0.9862877
    ]
}