{
    "HM": [
        41.30278105735779,
        38.42767912944158,
        36.154763319094975,
        33.92954387267431,
        31.492201020320252
    ],
    "VTM": [
        41.55106796820959,
        38.63434929052988,
        36.4416572411855,
        34.36045553882917,
        32.054190494616826
    ],
    "DVC-pro": [
        32.202175905307136,
        35.257967577377954,
        36.708195616801575,
        38.10371588468552
    ],
    "DCVC": [
        34.440313124656676,
        36.0319562792778,
        37.5099848707517,
        38.87713378270467
    ],
    "CANF": [
        35.16385831435522,
        37.087302345037465,
        38.39878843228022,
        39.698836457729335
    ],
    "DCVC-TCM": [
        35.96647762258848,
        37.39620978633562,
        38.71863251527151,
        39.970895155270895
    ],
    "DCVC-HEM": [
        36.716344500000005,
        37.871685799999995,
        39.1630497,
        40.328668300000004
    ],
    "DCVC-OOFE": [
        36.5616003,
        37.742415599999994,
        39.0239102,
        40.2375531
    ],
    "VNVC": [
        35.93043611248335,
        37.263305187225335,
        38.60722656647364,
        39.77109848260879
    ],
    "SDD": [
        36.563690799999996,
        37.7868437,
        39.167574099999996,
        40.4752226
    ],
    "DCVC-DC": [
        36.6392498,
        37.7836248,
        39.0135127,
        40.1663579
    ],
    "DCVC-FM": [
        32.127876099999995,
        36.1740605,
        39.3056142
    ]
}