{
    "HM": [
        0.2010440217013889,
        0.07253344434799383,
        0.03151884018132716,
        0.015358012635030862,
        0.007637876157407408
    ],
    "VTM": [
        0.1720044487847222,
        0.055472849054783946,
        0.022969581886574077,
        0.011293792631172842,
        0.00568505256558642
    ],
    "DVC-pro": [
        0.038026910817181625,
        0.055362365026042304,
        0.07774396462106903,
        0.11935856294828188
    ],
    "DCVC": [
        0.03412492582189694,
        0.048631715941331026,
        0.07262592674380956,
        0.11205115629125523
    ],
    "CANF": [
        0.03220236137963126,
        0.050565065630669453,
        0.07705862982969716,
        0.1186841550991859
    ],
    "DCVC-TCM": [
        0.040298927619133465,
        0.058996757631929804,
        0.0904938592920578,
        0.13637917855345175
    ],
    "DCVC-HEM": [
        0.03302,
        0.0481126,
        0.07700839999999999,
        0.1236748
    ],
    "DCVC-OOFE": [
        0.028814899999999997,
        0.0426287,
        0.068549,
        0.1113799
    ],
    "VNVC": [
        0.038478911726563064,
        0.054159421335522526,
        0.08270599439801501,
        0.12488197381996814
    ],
    "SDD": [
        0.027151200000000004,
        0.0411694,
        0.0696686,
        0.1186567
    ],
    "DCVC-DC": [
        0.0287502,
        0.0422974,
        0.06707640000000001,
        0.1066913
    ],
    "DCVC-FM": [
        0.0078103999999999995,
        0.0259226,
        0.0848489
    ]
}